,model,tn,fp,fn,tp,accuracy,recall,f1_score
0,Logistic Regression,407359,17065,5,6115,0.9603524842989335,0.9991830065359477,0.4174061433447099
1,SVM,424049,375,1,6119,0.9991266862388049,0.9998366013071895,0.9701918503250356
2,Gradient Boosting Classifier,424136,288,108,6012,0.9990802333791668,0.9823529411764705,0.9681159420289855
